category,item,serving_size,calories,calories_from_fat,total_fat,total_fat_(%_daily_value),saturated_fat,saturated_fat_(%_daily_value),trans_fat,cholesterol,cholesterol_(%_daily_value),sodium,sodium_(%_daily_value),carbohydrates,carbohydrates_(%_daily_value),dietary_fiber,dietary_fiber_(%_daily_value),sugars,protein,vitamin_a_(%_daily_value),vitamin_c_(%_daily_value),calcium_(%_daily_value),iron_(%_daily_value)
Breakfast,Egg McMuffin,4.8 oz (136 g),300.0,120.0,13.0,20.0,5.0,25.0,0.0,155.0,50.125,750.0,31.0,31.0,10.0,4.0,17.0,3.0,17.0,10.0,0.0,25.0,15.0
Breakfast,Egg White Delight,4.8 oz (135 g),250.0,70.0,8.0,12.0,3.0,15.0,0.0,25.0,8.0,770.0,32.0,30.0,10.0,4.0,17.0,3.0,18.0,6.0,0.0,25.0,8.0
Breakfast,Sausage McMuffin,3.9 oz (111 g),370.0,200.0,23.0,35.0,8.0,42.0,0.0,45.0,15.0,780.0,33.0,29.0,10.0,4.0,17.0,2.0,14.0,8.0,0.0,25.0,10.0
Breakfast,Sausage McMuffin with Egg,5.7 oz (161 g),450.0,250.0,28.0,43.0,10.0,52.0,0.0,155.0,50.125,860.0,36.0,30.0,10.0,4.0,17.0,2.0,21.0,15.0,0.0,30.0,15.0
Breakfast,Sausage McMuffin with Egg Whites,5.7 oz (161 g),400.0,210.0,23.0,35.0,8.0,42.0,0.0,50.0,16.0,880.0,37.0,30.0,10.0,4.0,17.0,2.0,21.0,6.0,0.0,25.0,10.0
Breakfast,Steak & Egg McMuffin,6.5 oz (185 g),430.0,210.0,23.0,36.0,9.0,46.0,0.0,155.0,50.125,960.0,40.0,31.0,10.0,4.0,18.0,3.0,26.0,15.0,2.0,30.0,20.0
Breakfast,"Bacon, Egg & Cheese Biscuit (Regular Biscuit)",5.3 oz (150 g),460.0,230.0,26.0,40.0,13.0,65.0,0.0,155.0,50.125,1300.0,54.0,38.0,13.0,2.0,7.0,3.0,19.0,10.0,8.0,15.0,15.0
Breakfast,"Bacon, Egg & Cheese Biscuit (Large Biscuit)",5.8 oz (164 g),520.0,270.0,30.0,47.0,14.0,68.0,0.0,155.0,50.125,1410.0,59.0,43.0,14.0,3.0,12.0,4.0,19.0,15.0,8.0,20.0,20.0
Breakfast,"Bacon, Egg & Cheese Biscuit with Egg Whites (Regular Biscuit)",5.4 oz (153 g),410.0,180.0,20.0,32.0,11.0,56.0,0.0,35.0,11.0,1300.0,54.0,36.0,12.0,2.0,7.0,3.0,20.0,2.0,8.0,15.0,10.0
Breakfast,"Bacon, Egg & Cheese Biscuit with Egg Whites (Large Biscuit)",5.9 oz (167 g),470.0,220.0,25.0,38.0,12.0,59.0,0.0,35.0,11.0,1420.0,59.0,42.0,14.0,3.0,12.0,4.0,20.0,6.0,8.0,15.0,15.0
Breakfast,Sausage Biscuit (Regular Biscuit),4.1 oz (117 g),430.0,240.0,27.0,42.0,12.0,62.0,0.0,30.0,10.0,1080.0,45.0,34.0,11.0,2.0,6.0,2.0,11.0,0.0,0.0,6.0,15.0
Breakfast,Sausage Biscuit (Large Biscuit),4.6 oz (131 g),480.0,280.0,31.0,48.0,13.0,65.0,0.0,30.0,10.0,1190.0,50.0,39.0,13.0,3.0,11.0,3.0,11.0,4.0,0.0,8.0,15.0
Breakfast,Sausage Biscuit with Egg (Regular Biscuit),5.7 oz (163 g),510.0,290.0,33.0,50.0,14.0,71.0,0.0,155.0,50.125,1170.0,49.0,36.0,12.0,2.0,6.0,2.0,18.0,6.0,0.0,10.0,20.0
Breakfast,Sausage Biscuit with Egg (Large Biscuit),6.2 oz (177 g),570.0,330.0,37.0,57.0,15.0,74.0,0.0,155.0,50.125,1280.0,53.0,42.0,14.0,3.0,11.0,3.0,18.0,10.0,0.0,10.0,20.0
Breakfast,Sausage Biscuit with Egg Whites (Regular Biscuit),5.9 oz (167 g),460.0,250.0,27.0,42.0,12.0,62.0,0.0,35.0,11.0,1180.0,49.0,34.0,11.0,2.0,6.0,3.0,18.0,0.0,0.0,8.0,15.0
Breakfast,Sausage Biscuit with Egg Whites (Large Biscuit),6.4 oz (181 g),520.0,280.0,32.0,49.0,13.0,65.0,0.0,35.0,11.0,1290.0,54.0,40.0,13.0,3.0,11.0,3.0,18.0,4.0,0.0,8.0,15.0
Breakfast,Southern Style Chicken Biscuit (Regular Biscuit),5 oz (143 g),410.0,180.0,20.0,31.0,8.0,41.0,0.0,30.0,10.0,1180.0,49.0,41.0,14.0,2.0,6.0,3.0,17.0,0.0,2.0,6.0,15.0
Breakfast,Southern Style Chicken Biscuit (Large Biscuit),5.5 oz (157 g),470.0,220.0,24.0,37.0,9.0,45.0,0.0,30.0,10.0,1290.0,54.0,46.0,15.0,3.0,11.0,4.0,17.0,4.0,2.0,8.0,15.0
Breakfast,Steak & Egg Biscuit (Regular Biscuit),7.1 oz (201 g),540.0,290.0,32.0,49.0,16.0,78.0,0.0,155.0,50.125,1470.0,61.0,38.0,13.0,2.0,8.0,3.0,25.0,10.0,2.0,20.0,25.0
Breakfast,"Bacon, Egg & Cheese McGriddles",6.1 oz (174 g),460.0,190.0,21.0,32.0,9.0,44.0,0.0,155.0,50.125,1250.0,52.0,48.0,16.0,2.0,9.0,15.0,19.0,10.0,10.0,20.0,15.0
Breakfast,"Bacon, Egg & Cheese McGriddles with Egg Whites",6.3 oz (178 g),400.0,140.0,15.0,24.0,7.0,34.0,0.0,35.0,11.0,1250.0,52.0,47.0,16.0,2.0,9.0,16.0,20.0,2.0,10.0,15.0,10.0
Breakfast,Sausage McGriddles,5 oz (141 g),420.0,200.0,22.0,34.0,8.0,40.0,0.0,35.0,11.0,1030.0,43.0,44.0,15.0,2.0,8.0,15.0,11.0,0.0,0.0,8.0,10.0
Breakfast,"Sausage, Egg & Cheese McGriddles",7.1 oz (201 g),550.0,280.0,31.0,48.0,12.0,61.0,0.0,155.0,50.125,1320.0,55.0,48.0,16.0,2.0,9.0,15.0,20.0,10.0,0.0,20.0,15.0
Breakfast,"Sausage, Egg & Cheese McGriddles with Egg Whites",7.2 oz (205 g),500.0,230.0,26.0,40.0,10.0,52.0,0.0,50.0,17.0,1320.0,55.0,46.0,15.0,2.0,9.0,15.0,21.0,2.0,0.0,20.0,10.0
Breakfast,"Bacon, Egg & Cheese Bagel",6.9 oz (197 g),620.0,280.0,31.0,48.0,11.0,56.0,0.0,155.0,50.125,1480.0,62.0,57.0,19.0,3.0,11.0,7.0,30.0,20.0,10.0,20.0,20.0
Breakfast,"Bacon, Egg & Cheese Bagel with Egg Whites",7.1 oz (201 g),570.0,230.0,25.0,39.0,9.0,45.0,0.0,60.0,20.0,1480.0,62.0,55.0,18.0,3.0,12.0,8.0,30.0,10.0,10.0,20.0,15.0
Breakfast,"Steak, Egg & Cheese Bagel",8.5 oz (241 g),670.0,310.0,35.0,53.0,13.0,63.0,0.0,155.0,50.125,1510.0,63.0,56.0,19.0,3.0,12.0,7.0,33.0,20.0,4.0,25.0,25.0
Breakfast,Big Breakfast (Regular Biscuit),9.5 oz (269 g),740.0,430.0,48.0,73.0,17.0,87.0,0.0,155.0,50.125,1560.0,65.0,51.0,17.0,3.0,12.0,3.0,28.0,15.0,2.0,15.0,25.0
Breakfast,Big Breakfast (Large Biscuit),10 oz (283 g),800.0,470.0,52.0,80.0,18.0,90.0,0.0,155.0,50.125,1680.0,70.0,56.0,19.0,4.0,17.0,3.0,28.0,15.0,2.0,15.0,30.0
Breakfast,Big Breakfast with Egg Whites (Regular Biscuit),9.6 oz (272 g),640.0,330.0,37.0,57.0,14.0,69.0,0.0,35.0,12.0,1590.0,66.0,50.0,17.0,3.0,12.0,3.0,26.0,0.0,2.0,10.0,15.0
Breakfast,Big Breakfast with Egg Whites (Large Biscuit),10.1 oz (286 g),690.0,370.0,41.0,63.0,14.0,72.0,0.0,35.0,12.0,1700.0,71.0,55.0,18.0,4.0,17.0,4.0,26.0,4.0,2.0,10.0,15.0
Breakfast,Big Breakfast with Hotcakes (Regular Biscuit),14.8 oz (420 g),935.0,470.0,52.0625,81.875,19.0,96.0,0.0,155.0,50.125,2001.25,83.5,105.0,35.0,6.0,23.0,17.0,36.0,15.0,2.0,25.0,37.5
Breakfast,Big Breakfast with Hotcakes (Large Biscuit),15.3 oz (434 g),935.0,470.0,52.0625,81.875,20.0,100.0,0.0,155.0,50.125,2001.25,83.5,105.0,35.0,7.0,25.0,17.0,36.0,15.0,2.0,30.0,37.5
Breakfast,Big Breakfast with Hotcakes and Egg Whites (Regular Biscuit),14.9 oz (423 g),935.0,410.0,46.0,70.0,16.0,78.0,0.0,55.0,19.0,2001.25,83.5,105.0,35.0,6.0,23.0,17.0,35.0,0.0,2.0,25.0,30.0
Breakfast,Big Breakfast with Hotcakes and Egg Whites (Large Biscuit),15.4 oz (437 g),935.0,450.0,50.0,77.0,16.0,81.0,0.0,55.0,19.0,2001.25,83.5,105.0,35.0,7.0,25.0,18.0,35.0,4.0,2.0,25.0,30.0
Breakfast,Hotcakes,5.3 oz (151 g),350.0,80.0,9.0,13.0,2.0,9.0,0.0,20.0,7.0,590.0,24.0,60.0,20.0,3.0,10.0,14.0,8.0,0.0,0.0,15.0,15.0
Breakfast,Hotcakes and Sausage,6.8 oz (192 g),520.0,210.0,24.0,37.0,7.0,36.0,0.0,50.0,17.0,930.0,39.0,61.0,20.0,3.0,10.0,14.0,15.0,0.0,0.0,15.0,15.0
Breakfast,Sausage Burrito,3.9 oz (111 g),300.0,150.0,16.0,25.0,7.0,33.0,0.0,115.0,38.0,790.0,33.0,26.0,9.0,1.0,5.0,2.0,12.0,10.0,2.0,15.0,15.0
Breakfast,Hash Brown,2 oz (56 g),150.0,80.0,9.0,14.0,1.5,6.0,0.0,0.0,0.0,310.0,13.0,15.0,5.0,2.0,6.0,0.0,1.0,0.0,2.0,0.0,2.0
Breakfast,Cinnamon Melts,4 oz (114 g),460.0,170.0,19.0,30.0,9.0,43.0,0.0,15.0,5.0,370.0,15.0,66.0,22.0,3.0,11.0,32.0,6.0,4.0,0.0,6.0,15.0
Breakfast,Fruit & Maple Oatmeal,9.6 oz (251 g),290.0,35.0,4.0,6.0,1.5,8.0,0.0,5.0,2.0,160.0,7.0,58.0,19.0,5.0,19.0,32.0,5.0,2.0,10.0,10.0,10.0
Breakfast,Fruit & Maple Oatmeal without Brown Sugar,9.6 oz (251 g),260.0,40.0,4.0,6.0,1.5,8.0,0.0,5.0,2.0,115.0,5.0,49.0,16.0,5.0,22.0,18.0,5.0,2.0,10.0,6.0,10.0
Beef & Pork,Big Mac,7.4 oz (211 g),530.0,240.0,27.0,42.0,10.0,48.0,0.0,85.0,28.0,960.0,40.0,47.0,16.0,3.0,13.0,9.0,24.0,6.0,2.0,25.0,25.0
Beef & Pork,Quarter Pounder with Cheese,7.1 oz (202 g),520.0,240.0,26.0,41.0,12.0,61.0,0.0,95.0,31.0,1100.0,46.0,41.0,14.0,3.0,11.0,10.0,30.0,10.0,2.0,30.0,25.0
Beef & Pork,Quarter Pounder with Bacon & Cheese,8 oz (227 g),600.0,260.0,29.0,45.0,13.0,63.0,0.0,105.0,34.0,1440.0,60.0,48.0,16.0,3.0,12.0,12.0,37.0,6.0,10.0,25.0,30.0
Beef & Pork,Quarter Pounder with Bacon Habanero Ranch,8.3 oz (235 g),610.0,280.0,31.0,48.0,13.0,64.0,0.0,105.0,35.0,1180.0,49.0,46.0,15.0,3.0,14.0,10.0,37.0,8.0,10.0,25.0,30.0
Beef & Pork,Quarter Pounder Deluxe,8.6 oz (244 g),540.0,250.0,27.0,42.0,11.0,54.0,0.0,85.0,28.0,960.0,40.0,45.0,15.0,3.0,13.0,9.0,29.0,10.0,8.0,25.0,30.0
Beef & Pork,Double Quarter Pounder with Cheese,10 oz (283 g),750.0,380.0,43.0,66.0,19.0,96.0,0.0,155.0,50.125,1280.0,53.0,42.0,14.0,3.0,11.0,10.0,41.5,10.0,2.0,30.0,35.0
Beef & Pork,Hamburger,3.5 oz (98 g),240.0,70.0,8.0,12.0,3.0,15.0,0.0,30.0,10.0,480.0,20.0,32.0,11.0,1.0,6.0,6.0,12.0,2.0,2.0,10.0,15.0
Beef & Pork,Cheeseburger,4 oz (113 g),290.0,100.0,11.0,18.0,5.0,27.0,0.0,45.0,15.0,680.0,28.0,33.0,11.0,2.0,7.0,7.0,15.0,6.0,2.0,20.0,15.0
Beef & Pork,Double Cheeseburger,5.7 oz (161 g),430.0,190.0,21.0,32.0,10.0,52.0,0.0,90.0,30.0,1040.0,43.0,35.0,12.0,2.0,8.0,7.0,24.0,10.0,2.0,30.0,20.0
Beef & Pork,Bacon Clubhouse Burger,9.5 oz (270 g),720.0,360.0,40.0,62.0,15.0,75.0,0.0,115.0,38.0,1470.0,61.0,51.0,17.0,4.0,14.0,14.0,39.0,8.0,10.0,30.0,25.0
Beef & Pork,McDouble,5.2 oz (147 g),380.0,150.0,17.0,26.0,8.0,40.0,0.0,75.0,25.0,840.0,35.0,34.0,11.0,2.0,7.0,7.0,22.0,6.0,2.0,20.0,20.0
Beef & Pork,Bacon McDouble,5.7 oz (161 g),440.0,200.0,22.0,34.0,10.0,49.0,0.0,90.0,30.0,1110.0,46.0,35.0,12.0,2.0,7.0,7.0,27.0,6.0,10.0,20.0,20.0
Beef & Pork,Daily Double,6.7 oz (190 g),430.0,200.0,22.0,35.0,9.0,44.0,0.0,80.0,27.0,760.0,32.0,34.0,11.0,2.0,8.0,7.0,22.0,8.0,8.0,20.0,20.0
Beef & Pork,Jalapeño Double,5.6 oz (159 g),430.0,210.0,23.0,36.0,9.0,44.0,0.0,80.0,27.0,1030.0,43.0,35.0,12.0,2.0,7.0,6.0,22.0,6.0,8.0,20.0,20.0
Beef & Pork,McRib,7.3 oz (208 g),500.0,240.0,26.0,40.0,10.0,48.0,0.0,70.0,23.0,980.0,41.0,44.0,15.0,3.0,10.0,11.0,22.0,2.0,2.0,15.0,20.0
Chicken & Fish,Premium Crispy Chicken Classic Sandwich,7.5 oz (213 g),510.0,200.0,22.0,33.0,3.5,18.0,0.0,45.0,16.0,990.0,41.0,55.0,18.0,3.0,13.0,10.0,24.0,4.0,6.0,15.0,20.0
Chicken & Fish,Premium Grilled Chicken Classic Sandwich,7 oz (200 g),350.0,80.0,9.0,13.0,2.0,9.0,0.0,65.0,22.0,820.0,34.0,42.0,14.0,3.0,13.0,8.0,28.0,4.0,8.0,15.0,20.0
Chicken & Fish,Premium Crispy Chicken Club Sandwich,8.8 oz (249 g),670.0,300.0,33.0,51.0,9.0,44.0,0.0,85.0,29.0,1410.0,59.0,58.0,19.0,3.0,14.0,11.0,36.0,8.0,10.0,30.0,20.0
Chicken & Fish,Premium Grilled Chicken Club Sandwich,8.3 oz (235 g),510.0,180.0,20.0,31.0,7.0,36.0,0.0,105.0,35.0,1250.0,52.0,44.0,15.0,3.0,13.0,9.0,40.0,8.0,10.0,30.0,20.0
Chicken & Fish,Premium Crispy Chicken Ranch BLT Sandwich,8.1 oz (230 g),610.0,250.0,28.0,43.0,6.0,31.0,0.0,70.0,24.0,1400.0,58.0,57.0,19.0,3.0,13.0,11.0,32.0,4.0,10.0,15.0,20.0
Chicken & Fish,Premium Grilled Chicken Ranch BLT Sandwich,7.6 oz (217 g),450.0,130.0,15.0,23.0,4.5,22.0,0.0,90.0,30.0,1230.0,51.0,43.0,14.0,3.0,13.0,9.0,36.0,4.0,10.0,15.0,20.0
Chicken & Fish,Bacon Clubhouse Crispy Chicken Sandwich,10 oz (284 g),750.0,340.0,38.0,59.0,10.0,51.0,0.0,90.0,31.0,1720.0,72.0,65.0,22.0,4.0,15.0,16.0,36.0,8.0,10.0,30.0,15.0
Chicken & Fish,Bacon Clubhouse Grilled Chicken Sandwich,9.5 oz (270 g),590.0,230.0,25.0,39.0,8.0,42.0,0.0,110.0,37.0,1560.0,65.0,51.0,17.0,4.0,15.0,14.0,40.0,8.0,10.0,30.0,15.0
Chicken & Fish,Southern Style Crispy Chicken Sandwich,5.6 oz (160 g),430.0,170.0,19.0,29.0,3.0,15.0,0.0,45.0,14.0,910.0,38.0,43.0,14.0,2.0,7.0,7.0,21.0,4.0,2.0,15.0,15.0
Chicken & Fish,McChicken,5.1 oz (143 g),360.0,140.0,16.0,25.0,3.0,15.0,0.0,35.0,11.0,800.0,33.0,40.0,13.0,2.0,7.0,5.0,14.0,0.0,2.0,10.0,15.0
Chicken & Fish,Bacon Cheddar McChicken,6 oz (171 g),480.0,220.0,24.0,38.0,7.0,35.0,0.0,65.0,21.0,1260.0,53.0,43.0,14.0,2.0,8.0,6.0,22.0,4.0,10.0,20.0,15.0
Chicken & Fish,Bacon Buffalo Ranch McChicken,5.7 oz (161 g),430.0,190.0,21.0,32.0,5.0,25.0,0.0,50.0,17.0,1260.0,53.0,41.0,14.0,2.0,7.0,6.0,20.0,2.0,10.0,15.0,15.0
Chicken & Fish,Buffalo Ranch McChicken,5.2 oz (148 g),360.0,150.0,16.0,25.0,3.0,16.0,0.0,35.0,11.0,990.0,41.0,40.0,13.0,2.0,7.0,5.0,14.0,2.0,2.0,15.0,15.0
Chicken & Fish,Premium McWrap Chicken & Bacon (Crispy Chicken),11.1 oz (316 g),630.0,280.0,32.0,49.0,9.0,45.0,0.0,80.0,26.0,1540.0,64.0,56.0,19.0,3.0,13.0,7.0,32.0,34.5,10.0,20.0,20.0
Chicken & Fish,Premium McWrap Chicken & Bacon (Grilled Chicken),10.7 oz (302 g),480.0,170.0,19.0,28.0,7.0,36.0,0.0,95.0,32.0,1370.0,57.0,42.0,14.0,3.0,13.0,6.0,36.0,34.5,10.0,20.0,20.0
Chicken & Fish,Premium McWrap Chicken & Ranch (Crispy Chicken),10.9 oz (310 g),610.0,280.0,31.0,47.0,8.0,40.0,0.0,65.0,21.0,1340.0,56.0,56.0,19.0,3.0,14.0,8.0,27.0,34.5,10.0,20.0,20.0
Chicken & Fish,Premium McWrap Chicken & Ranch (Grilled Chicken),10.5 oz (297 g),450.0,160.0,18.0,27.0,6.0,31.0,0.0,80.0,27.0,1170.0,49.0,42.0,14.0,3.0,14.0,6.0,30.0,34.5,10.0,15.0,20.0
Chicken & Fish,Premium McWrap Southwest Chicken (Crispy Chicken),11.1 oz (314 g),670.0,300.0,33.0,51.0,8.0,40.0,0.0,60.0,21.0,1480.0,62.0,68.0,23.0,5.0,19.0,12.0,27.0,34.5,10.0,20.0,20.0
Chicken & Fish,Premium McWrap Southwest Chicken (Grilled Chicken),11.2 oz (318 g),520.0,180.0,20.0,31.0,6.0,32.0,0.0,80.0,27.0,1320.0,55.0,55.0,18.0,5.0,20.0,10.0,31.0,34.5,10.0,20.0,20.0
Chicken & Fish,Premium McWrap Chicken Sweet Chili (Crispy Chicken),10.7 oz (304 g),540.0,200.0,23.0,35.0,4.5,23.0,0.0,50.0,16.0,1260.0,52.0,61.0,20.0,3.0,13.0,14.0,23.0,34.5,10.0,8.0,20.0
Chicken & Fish,Premium McWrap Chicken Sweet Chili (Grilled Chicken),10.3 oz (291 g),380.0,90.0,10.0,15.0,3.0,14.0,0.0,65.0,22.0,1090.0,45.0,47.0,16.0,3.0,13.0,12.0,27.0,34.5,10.0,8.0,20.0
Chicken & Fish,Chicken McNuggets (4 piece),2.3 oz (65 g),190.0,110.0,12.0,18.0,2.0,10.0,0.0,25.0,9.0,360.0,15.0,12.0,4.0,1.0,2.0,0.0,9.0,0.0,2.0,0.0,2.0
Chicken & Fish,Chicken McNuggets (6 piece),3.4 oz (97 g),280.0,160.0,18.0,27.0,3.0,15.0,0.0,40.0,13.0,540.0,22.0,18.0,6.0,1.0,4.0,0.0,13.0,0.0,2.0,2.0,4.0
Chicken & Fish,Chicken McNuggets (10 piece),5.7 oz (162 g),470.0,270.0,30.0,45.0,5.0,25.0,0.0,65.0,22.0,900.0,37.0,30.0,10.0,2.0,6.0,0.0,22.0,0.0,4.0,2.0,6.0
Chicken & Fish,Chicken McNuggets (20 piece),11.4 oz (323 g),935.0,470.0,52.0625,81.875,10.0,50.0,0.0,135.0,44.0,1800.0,75.0,59.0,20.0,3.0,12.0,0.0,41.5,0.0,8.0,4.0,10.0
Chicken & Fish,Chicken McNuggets (40 piece),22.8 oz (646 g),935.0,470.0,52.0625,81.875,20.0,101.0,0.0,155.0,50.125,2001.25,83.5,105.0,35.0,6.0,24.0,1.0,41.5,0.0,10.0,8.0,25.0
Chicken & Fish,Filet-O-Fish,5 oz (142 g),390.0,170.0,19.0,29.0,4.0,19.0,0.0,40.0,14.0,590.0,24.0,39.0,13.0,2.0,7.0,5.0,15.0,2.0,0.0,15.0,10.0
Salads,Premium Bacon Ranch Salad (without Chicken),7.9 oz (223 g),140.0,70.0,7.0,11.0,3.5,18.0,0.0,25.0,9.0,300.0,13.0,10.0,3.0,3.0,12.0,4.0,9.0,34.5,10.0,15.0,6.0
Salads,Premium Bacon Ranch Salad with Crispy Chicken,9 oz (255 g),380.0,190.0,21.0,33.0,6.0,29.0,0.0,70.0,23.0,860.0,36.0,22.0,7.0,2.0,10.0,5.0,25.0,34.5,10.0,15.0,8.0
Salads,Premium Bacon Ranch Salad with Grilled Chicken,8.5 oz (241 g),220.0,80.0,8.0,13.0,4.0,20.0,0.0,85.0,29.0,690.0,29.0,8.0,3.0,2.0,10.0,4.0,29.0,34.5,10.0,15.0,8.0
Salads,Premium Southwest Salad (without Chicken),8.1 oz (230 g),140.0,40.0,4.5,7.0,2.0,9.0,0.0,10.0,3.0,150.0,6.0,20.0,7.0,6.0,23.0,6.0,6.0,34.5,10.0,15.0,10.0
Salads,Premium Southwest Salad with Crispy Chicken,12.3 oz (348 g),450.0,190.0,22.0,33.0,4.5,22.0,0.0,50.0,17.0,850.0,35.0,42.0,14.0,7.0,25.0,12.0,23.0,34.5,10.0,15.0,15.0
Salads,Premium Southwest Salad with Grilled Chicken,11.8 oz (335 g),290.0,80.0,8.0,13.0,2.5,13.0,0.0,70.0,23.0,680.0,28.0,28.0,9.0,7.0,25.0,10.0,27.0,34.5,10.0,15.0,15.0
Snacks & Sides,Chipotle BBQ Snack Wrap (Crispy Chicken),4.6 oz (130 g),340.0,130.0,15.0,23.0,4.5,22.0,0.0,30.0,11.0,780.0,33.0,37.0,12.0,1.0,6.0,8.0,14.0,4.0,0.0,10.0,10.0
Snacks & Sides,Chipotle BBQ Snack Wrap (Grilled Chicken),4.3 oz (123 g),260.0,70.0,8.0,13.0,3.5,18.0,0.0,40.0,14.0,700.0,29.0,30.0,10.0,1.0,6.0,7.0,16.0,4.0,2.0,10.0,10.0
Snacks & Sides,Honey Mustard Snack Wrap (Crispy Chicken),4.3 oz (123 g),330.0,130.0,15.0,23.0,4.5,22.0,0.0,35.0,11.0,730.0,30.0,34.0,11.0,1.0,5.0,3.0,14.0,2.0,0.0,10.0,10.0
Snacks & Sides,Honey Mustard Snack Wrap (Grilled Chicken),4.1 oz (116 g),250.0,70.0,8.0,13.0,3.5,18.0,0.0,45.0,14.0,650.0,27.0,27.0,9.0,1.0,5.0,2.0,16.0,2.0,2.0,10.0,10.0
Snacks & Sides,Ranch Snack Wrap (Crispy Chicken),4.5 oz (128 g),360.0,180.0,20.0,30.0,5.0,27.0,0.0,40.0,13.0,810.0,34.0,32.0,11.0,1.0,5.0,3.0,15.0,2.0,0.0,10.0,10.0
Snacks & Sides,Ranch Snack Wrap (Grilled Chicken),4.3 oz (121 g),280.0,120.0,13.0,20.0,4.5,22.0,0.0,45.0,16.0,720.0,30.0,25.0,8.0,1.0,5.0,2.0,16.0,2.0,2.0,10.0,10.0
Snacks & Sides,Small French Fries,2.6 oz (75 g),230.0,100.0,11.0,17.0,1.5,8.0,0.0,0.0,0.0,130.0,5.0,30.0,10.0,2.0,10.0,0.0,2.0,0.0,10.0,0.0,4.0
Snacks & Sides,Medium French Fries,3.9 oz (111 g),340.0,140.0,16.0,24.0,2.5,11.0,0.0,0.0,0.0,190.0,8.0,44.0,15.0,4.0,14.0,0.0,4.0,0.0,10.0,2.0,4.0
Snacks & Sides,Large French Fries,5.9 oz (168 g),510.0,220.0,24.0,37.0,3.5,17.0,0.0,0.0,0.0,290.0,12.0,67.0,22.0,5.0,22.0,0.0,6.0,0.0,10.0,2.0,8.0
Snacks & Sides,Kids French Fries,1.3 oz (38 g),110.0,50.0,5.0,8.0,1.0,4.0,0.0,0.0,0.0,65.0,3.0,15.0,5.0,1.0,5.0,0.0,1.0,0.0,10.0,0.0,2.0
Snacks & Sides,Side Salad,3.1 oz (87 g),20.0,0.0,0.0,0.0,0.0,0.0,0.0,0.0,0.0,10.0,0.0,4.0,1.0,1.0,6.0,2.0,1.0,34.5,10.0,2.0,4.0
Snacks & Sides,Apple Slices,1.2 oz (34 g),15.0,0.0,0.0,0.0,0.0,0.0,0.0,0.0,0.0,0.0,0.0,4.0,1.0,0.0,0.0,3.0,0.0,0.0,10.0,2.0,0.0
Snacks & Sides,Fruit 'n Yogurt Parfait,5.2 oz (149 g),150.0,20.0,2.0,3.0,1.0,5.0,0.0,5.0,2.0,70.0,3.0,30.0,10.0,1.0,3.0,23.0,4.0,2.0,10.0,10.0,4.0
Desserts,Baked Apple Pie,2.7 oz (77 g),250.0,110.0,13.0,19.0,7.0,35.0,0.0,0.0,0.0,170.0,7.0,32.0,11.0,4.0,15.0,13.0,2.0,4.0,10.0,2.0,6.0
Desserts,Chocolate Chip Cookie,1 cookie (33 g),160.0,70.0,8.0,12.0,3.5,19.0,0.0,10.0,3.0,90.0,4.0,21.0,7.0,1.0,3.0,15.0,2.0,2.0,0.0,2.0,8.0
Desserts,Oatmeal Raisin Cookie,1 cookie (33 g),150.0,50.0,6.0,9.0,2.5,13.0,0.0,10.0,3.0,135.0,6.0,22.0,7.0,1.0,3.0,13.0,2.0,2.0,0.0,2.0,6.0
Desserts,Kids Ice Cream Cone,1 oz (29 g),45.0,10.0,1.5,2.0,1.0,4.0,0.0,5.0,2.0,20.0,1.0,7.0,2.0,0.0,0.0,6.0,1.0,2.0,0.0,4.0,0.0
Desserts,Hot Fudge Sundae,6.3 oz (179 g),330.0,80.0,9.0,14.0,7.0,34.0,0.0,25.0,8.0,170.0,7.0,53.0,18.0,1.0,3.0,48.0,8.0,8.0,0.0,25.0,8.0
Desserts,Hot Caramel Sundae,6.4 oz (182 g),340.0,70.0,8.0,12.0,5.0,24.0,0.0,30.0,10.0,150.0,6.0,60.0,20.0,0.0,0.0,43.0,7.0,10.0,0.0,25.0,0.0
Desserts,Strawberry Sundae,6.3 oz (178 g),280.0,60.0,6.0,10.0,4.0,20.0,0.0,25.0,8.0,85.0,4.0,49.0,16.0,0.0,0.0,45.0,6.0,8.0,4.0,20.0,0.0
Beverages,Coca-Cola Classic (Small),16 fl oz cup,140.0,0.0,0.0,0.0,0.0,0.0,0.0,0.0,0.0,0.0,0.0,39.0,13.0,0.0,0.0,39.0,0.0,0.0,0.0,0.0,0.0
Beverages,Coca-Cola Classic (Medium),21 fl oz cup,200.0,0.0,0.0,0.0,0.0,0.0,0.0,0.0,0.0,5.0,0.0,55.0,18.0,0.0,0.0,55.0,0.0,0.0,0.0,0.0,0.0
Beverages,Coca-Cola Classic (Large),30 fl oz cup,280.0,0.0,0.0,0.0,0.0,0.0,0.0,0.0,0.0,5.0,0.0,76.0,25.0,0.0,0.0,76.0,0.0,0.0,0.0,0.0,0.0
Beverages,Coca-Cola Classic (Child),12 fl oz cup,100.0,0.0,0.0,0.0,0.0,0.0,0.0,0.0,0.0,0.0,0.0,28.0,9.0,0.0,0.0,28.0,0.0,0.0,0.0,0.0,0.0
Beverages,Diet Coke (Small),16 fl oz cup,0.0,0.0,0.0,0.0,0.0,0.0,0.0,0.0,0.0,10.0,0.0,0.0,0.0,0.0,0.0,0.0,0.0,0.0,0.0,0.0,0.0
Beverages,Diet Coke (Medium),21 fl oz cup,0.0,0.0,0.0,0.0,0.0,0.0,0.0,0.0,0.0,20.0,1.0,0.0,0.0,0.0,0.0,0.0,0.0,0.0,0.0,0.0,0.0
Beverages,Diet Coke (Large),30 fl oz cup,0.0,0.0,0.0,0.0,0.0,0.0,0.0,0.0,0.0,35.0,1.0,0.0,0.0,0.0,0.0,0.0,0.0,0.0,0.0,0.0,0.0
Beverages,Diet Coke (Child),12 fl oz cup,0.0,0.0,0.0,0.0,0.0,0.0,0.0,0.0,0.0,15.0,1.0,0.0,0.0,0.0,0.0,0.0,0.0,0.0,0.0,0.0,0.0
Beverages,Dr Pepper (Small),16 fl oz cup,140.0,0.0,0.0,0.0,0.0,0.0,0.0,0.0,0.0,45.0,2.0,37.0,12.0,0.0,0.0,35.0,0.0,0.0,0.0,0.0,0.0
Beverages,Dr Pepper (Medium),21 fl oz cup,190.0,0.0,0.0,0.0,0.0,0.0,0.0,0.0,0.0,65.0,3.0,53.0,18.0,0.0,0.0,51.0,0.0,0.0,0.0,0.0,0.0
Beverages,Dr Pepper (Large),30 fl oz cup,270.0,0.0,0.0,0.0,0.0,0.0,0.0,0.0,0.0,90.0,4.0,72.0,24.0,0.0,0.0,70.0,0.0,0.0,0.0,0.0,0.0
Beverages,Dr Pepper (Child),12 fl oz cup,100.0,0.0,0.0,0.0,0.0,0.0,0.0,0.0,0.0,30.0,1.0,27.0,9.0,0.0,0.0,26.0,0.0,0.0,0.0,0.0,0.0
Beverages,Diet Dr Pepper (Small),16 fl oz cup,0.0,0.0,0.0,0.0,0.0,0.0,0.0,0.0,0.0,70.0,3.0,0.0,0.0,0.0,0.0,0.0,2.0,0.0,0.0,0.0,0.0
Beverages,Diet Dr Pepper (Medium),21 fl oz cup,0.0,0.0,0.0,0.0,0.0,0.0,0.0,0.0,0.0,100.0,4.0,0.0,0.0,0.0,0.0,0.0,3.0,0.0,0.0,0.0,0.0
Beverages,Diet Dr Pepper (Large),30 fl oz cup,0.0,0.0,0.0,0.0,0.0,0.0,0.0,0.0,0.0,140.0,6.0,0.0,0.0,0.0,0.0,0.0,4.0,0.0,0.0,0.0,0.0
Beverages,Diet Dr Pepper (Child),12 fl oz cup,0.0,0.0,0.0,0.0,0.0,0.0,0.0,0.0,0.0,50.0,2.0,0.0,0.0,0.0,0.0,0.0,1.0,0.0,0.0,0.0,0.0
Beverages,Sprite (Small),16 fl oz cup,140.0,0.0,0.0,0.0,0.0,0.0,0.0,0.0,0.0,30.0,1.0,37.0,12.0,0.0,0.0,37.0,0.0,0.0,0.0,0.0,0.0
Beverages,Sprite (Medium),21 fl oz cup,200.0,0.0,0.0,0.0,0.0,0.0,0.0,0.0,0.0,45.0,2.0,54.0,18.0,0.0,0.0,54.0,0.0,0.0,0.0,0.0,0.0
Beverages,Sprite (Large),30 fl oz cup,280.0,0.0,0.0,0.0,0.0,0.0,0.0,0.0,0.0,60.0,3.0,74.0,25.0,0.0,0.0,74.0,0.0,0.0,0.0,0.0,0.0
Beverages,Sprite (Child),12 fl oz cup,100.0,0.0,0.0,0.0,0.0,0.0,0.0,0.0,0.0,25.0,1.0,27.0,9.0,0.0,0.0,27.0,0.0,0.0,0.0,0.0,0.0
Beverages,1% Low Fat Milk Jug,1 carton (236 ml),100.0,20.0,2.5,4.0,1.5,8.0,0.0,10.0,3.0,125.0,5.0,12.0,4.0,0.0,0.0,12.0,8.0,10.0,4.0,30.0,0.0
Beverages,Fat Free Chocolate Milk Jug,1 carton (236 ml),130.0,0.0,0.0,0.0,0.0,0.0,0.0,5.0,2.0,135.0,6.0,23.0,8.0,1.0,2.0,22.0,9.0,10.0,0.0,30.0,8.0
Beverages,Minute Maid 100% Apple Juice Box,6 fl oz (177 ml),80.0,0.0,0.0,0.0,0.0,0.0,0.0,0.0,0.0,15.0,1.0,21.0,7.0,0.0,0.0,19.0,0.0,0.0,10.0,10.0,0.0
Beverages,Minute Maid Orange Juice (Small),12 fl oz cup,150.0,0.0,0.0,0.0,0.0,0.0,0.0,0.0,0.0,0.0,0.0,34.0,11.0,0.0,0.0,30.0,2.0,0.0,10.0,2.0,0.0
Beverages,Minute Maid Orange Juice (Medium),16 fl oz cup,190.0,0.0,0.0,0.0,0.0,0.0,0.0,0.0,0.0,0.0,0.0,44.0,15.0,0.0,0.0,39.0,3.0,0.0,10.0,4.0,0.0
Beverages,Minute Maid Orange Juice (Large),22 fl oz cup,280.0,0.0,0.0,0.0,0.0,0.0,0.0,0.0,0.0,5.0,0.0,65.0,22.0,0.0,0.0,58.0,4.0,0.0,10.0,4.0,0.0
Beverages,Dasani Water Bottle,16.9 fl oz,0.0,0.0,0.0,0.0,0.0,0.0,0.0,0.0,0.0,0.0,0.0,0.0,0.0,0.0,0.0,0.0,0.0,0.0,0.0,0.0,0.0
Coffee & Tea,Iced Tea (Small),16 fl oz cup,0.0,0.0,0.0,0.0,0.0,0.0,0.0,0.0,0.0,10.0,0.0,0.0,0.0,0.0,0.0,0.0,0.0,0.0,0.0,0.0,0.0
Coffee & Tea,Iced Tea (Medium),21 fl oz cup,0.0,0.0,0.0,0.0,0.0,0.0,0.0,0.0,0.0,10.0,0.0,0.0,0.0,0.0,0.0,0.0,0.0,0.0,0.0,0.0,0.0
Coffee & Tea,Iced Tea (Large),30 fl oz cup,0.0,0.0,0.0,0.0,0.0,0.0,0.0,0.0,0.0,15.0,1.0,0.0,0.0,0.0,0.0,0.0,0.0,0.0,0.0,0.0,0.0
Coffee & Tea,Iced Tea (Child),12 fl oz cup,0.0,0.0,0.0,0.0,0.0,0.0,0.0,0.0,0.0,5.0,0.0,0.0,0.0,0.0,0.0,0.0,0.0,0.0,0.0,0.0,0.0
Coffee & Tea,Sweet Tea (Small),16 fl oz cup,150.0,0.0,0.0,0.0,0.0,0.0,0.0,0.0,0.0,10.0,0.0,36.0,12.0,0.0,0.0,36.0,1.0,0.0,0.0,0.0,0.0
Coffee & Tea,Sweet Tea (Medium),21 fl oz cup,180.0,0.0,0.0,0.0,0.0,0.0,0.0,0.0,0.0,10.0,0.0,45.0,15.0,0.0,0.0,45.0,1.0,0.0,0.0,0.0,0.0
Coffee & Tea,Sweet Tea (Large),30 fl oz cup,220.0,0.0,0.0,0.0,0.0,0.0,0.0,0.0,0.0,10.0,1.0,54.0,18.0,0.0,0.0,54.0,1.0,0.0,0.0,0.0,0.0
Coffee & Tea,Sweet Tea (Child),12 fl oz cup,110.0,0.0,0.0,0.0,0.0,0.0,0.0,0.0,0.0,5.0,0.0,27.0,9.0,0.0,0.0,27.0,0.0,0.0,0.0,0.0,0.0
Coffee & Tea,Coffee (Small),12 fl oz cup,0.0,0.0,0.0,0.0,0.0,0.0,0.0,0.0,0.0,0.0,0.0,0.0,0.0,0.0,0.0,0.0,0.0,0.0,0.0,0.0,0.0
Coffee & Tea,Coffee (Medium),16 fl oz cup,0.0,0.0,0.0,0.0,0.0,0.0,0.0,0.0,0.0,0.0,0.0,0.0,0.0,0.0,0.0,0.0,0.0,0.0,0.0,0.0,0.0
Coffee & Tea,Coffee (Large),16 fl oz cup,0.0,0.0,0.0,0.0,0.0,0.0,0.0,0.0,0.0,0.0,0.0,0.0,0.0,0.0,0.0,0.0,0.0,0.0,0.0,0.0,0.0
Coffee & Tea,Latte (Small),12 fl oz cup,170.0,80.0,9.0,13.0,5.0,24.0,0.0,25.0,9.0,115.0,5.0,15.0,5.0,1.0,3.0,12.0,9.0,8.0,0.0,30.0,0.0
Coffee & Tea,Latte (Medium),16 fl oz cup,210.0,90.0,10.0,16.0,6.0,30.0,0.0,30.0,11.0,140.0,6.0,18.0,6.0,1.0,4.0,15.0,11.0,10.0,0.0,35.0,0.0
Coffee & Tea,Latte (Large),20 fl oz cup,280.0,120.0,14.0,21.0,8.0,39.0,0.0,40.0,14.0,180.0,8.0,24.0,8.0,1.0,6.0,20.0,15.0,15.0,0.0,50.0,2.0
Coffee & Tea,Caramel Latte (Small),12 fl oz cup,270.0,80.0,9.0,13.0,5.0,24.0,0.0,25.0,9.0,115.0,5.0,40.0,13.0,1.0,3.0,38.0,9.0,8.0,0.0,30.0,0.0
Coffee & Tea,Caramel Latte (Medium),16 fl oz cup,340.0,90.0,10.0,16.0,6.0,30.0,0.0,30.0,11.0,140.0,6.0,50.0,17.0,1.0,4.0,48.0,11.0,10.0,0.0,35.0,0.0
Coffee & Tea,Caramel Latte (Large),20 fl oz cup,430.0,120.0,14.0,21.0,8.0,39.0,0.0,40.0,14.0,180.0,8.0,62.0,21.0,1.0,6.0,59.0,15.0,15.0,0.0,50.0,2.0
Coffee & Tea,Hazelnut Latte (Small),12 fl oz cup,270.0,80.0,9.0,13.0,5.0,24.0,0.0,25.0,9.0,115.0,5.0,40.0,13.0,1.0,3.0,38.0,9.0,8.0,0.0,30.0,0.0
Coffee & Tea,Hazelnut Latte (Medium),16 fl oz cup,330.0,90.0,10.0,16.0,6.0,30.0,0.0,30.0,11.0,140.0,6.0,50.0,17.0,1.0,4.0,47.0,11.0,10.0,0.0,35.0,0.0
Coffee & Tea,Hazelnut Latte (Large),20 fl oz cup,430.0,120.0,14.0,21.0,8.0,39.0,0.0,40.0,14.0,180.0,8.0,62.0,21.0,1.0,6.0,58.0,15.0,15.0,0.0,50.0,2.0
Coffee & Tea,French Vanilla Latte (Small),12 fl oz cup,260.0,80.0,9.0,13.0,5.0,24.0,0.0,25.0,9.0,115.0,5.0,38.0,13.0,1.0,3.0,36.0,9.0,8.0,0.0,30.0,0.0
Coffee & Tea,French Vanilla Latte (Medium),16 fl oz cup,330.0,90.0,10.0,16.0,6.0,30.0,0.0,30.0,11.0,140.0,6.0,48.0,16.0,1.0,4.0,45.0,11.0,10.0,0.0,35.0,2.0
Coffee & Tea,French Vanilla Latte (Large),20 fl oz cup,420.0,120.0,14.0,21.0,8.0,39.0,0.0,40.0,14.0,190.0,8.0,60.0,20.0,1.0,6.0,56.0,15.0,15.0,0.0,50.0,2.0
Coffee & Tea,Latte with Sugar Free French Vanilla Syrup (Small),12 fl oz cup,210.0,80.0,9.0,13.0,5.0,24.0,0.0,25.0,9.0,150.0,6.0,24.0,8.0,1.0,4.0,12.0,9.0,8.0,0.0,30.0,0.0
Coffee & Tea,Latte with Sugar Free French Vanilla Syrup (Medium),16 fl oz cup,260.0,90.0,10.0,16.0,6.0,30.0,0.0,30.0,11.0,190.0,8.0,29.0,10.0,1.0,5.0,15.0,12.0,10.0,0.0,35.0,0.0
Coffee & Tea,Latte with Sugar Free French Vanilla Syrup (Large),20 fl oz cup,330.0,120.0,14.0,21.0,8.0,39.0,0.0,40.0,14.0,240.0,10.0,37.0,12.0,2.0,7.0,20.0,15.0,15.0,0.0,50.0,2.0
Coffee & Tea,Nonfat Latte (Small),12 fl oz cup,100.0,0.0,0.0,0.0,0.0,0.0,0.0,5.0,2.0,110.0,5.0,15.0,5.0,1.0,3.0,13.0,10.0,10.0,0.0,30.0,0.0
Coffee & Tea,Nonfat Latte (Medium),16 fl oz cup,130.0,0.0,0.0,0.0,0.0,0.0,0.0,5.0,2.0,135.0,6.0,19.0,6.0,1.0,4.0,16.0,12.0,15.0,0.0,40.0,0.0
Coffee & Tea,Nonfat Latte (Large),20 fl oz cup,170.0,0.0,0.5,1.0,0.0,0.0,0.0,10.0,3.0,180.0,7.0,25.0,8.0,1.0,6.0,21.0,16.0,15.0,0.0,50.0,2.0
Coffee & Tea,Nonfat Caramel Latte (Small),12 fl oz cup,200.0,0.0,0.0,0.0,0.0,0.0,0.0,5.0,2.0,110.0,5.0,41.0,14.0,1.0,3.0,39.0,10.0,10.0,0.0,30.0,0.0
Coffee & Tea,Nonfat Caramel Latte (Medium),16 fl oz cup,250.0,0.0,0.0,0.0,0.0,0.0,0.0,5.0,2.0,135.0,6.0,51.0,17.0,1.0,4.0,48.0,12.0,15.0,0.0,40.0,0.0
Coffee & Tea,Nonfat Caramel Latte (Large),20 fl oz cup,310.0,0.0,0.5,1.0,0.0,0.0,0.0,10.0,3.0,180.0,7.0,63.0,21.0,1.0,6.0,59.0,16.0,15.0,0.0,50.0,2.0
Coffee & Tea,Nonfat Hazelnut Latte (Small),12 fl oz cup,200.0,0.0,0.0,0.0,0.0,0.0,0.0,5.0,2.0,110.0,5.0,40.0,13.0,1.0,3.0,38.0,10.0,10.0,0.0,30.0,0.0
Coffee & Tea,Nonfat Hazelnut Latte (Medium),16 fl oz cup,250.0,0.0,0.0,0.0,0.0,0.0,0.0,5.0,2.0,135.0,6.0,51.0,17.0,1.0,4.0,48.0,12.0,15.0,0.0,40.0,0.0
Coffee & Tea,Nonfat Hazelnut Latte (Large),20 fl oz cup,310.0,0.0,0.5,1.0,0.0,0.0,0.0,10.0,3.0,180.0,7.0,63.0,21.0,1.0,6.0,59.0,16.0,15.0,0.0,50.0,2.0
Coffee & Tea,Nonfat French Vanilla Latte (Small),12 fl oz cup,190.0,0.0,0.0,0.0,0.0,0.0,0.0,5.0,2.0,115.0,5.0,39.0,13.0,1.0,3.0,37.0,10.0,10.0,0.0,30.0,0.0
Coffee & Tea,Nonfat French Vanilla Latte (Medium),16 fl oz cup,240.0,0.0,0.0,0.0,0.0,0.0,0.0,5.0,2.0,140.0,6.0,49.0,16.0,1.0,4.0,46.0,12.0,15.0,0.0,40.0,2.0
Coffee & Tea,Nonfat French Vanilla Latte (Large),20 fl oz cup,300.0,0.0,0.5,1.0,0.0,0.0,0.0,10.0,3.0,180.0,8.0,60.0,20.0,1.0,6.0,56.0,16.0,15.0,0.0,50.0,2.0
Coffee & Tea,Nonfat Latte with Sugar Free French Vanilla Syrup (Small),12 fl oz cup,140.0,0.0,0.0,0.0,0.0,0.0,0.0,5.0,2.0,150.0,6.0,24.0,8.0,1.0,4.0,13.0,10.0,10.0,0.0,30.0,0.0
Coffee & Tea,Nonfat Latte with Sugar Free French Vanilla Syrup (Medium),16 fl oz cup,170.0,0.0,0.0,0.0,0.0,0.0,0.0,5.0,2.0,180.0,8.0,30.0,10.0,1.0,5.0,16.0,12.0,15.0,0.0,40.0,0.0
Coffee & Tea,Nonfat Latte with Sugar Free French Vanilla Syrup (Large),20 fl oz cup,220.0,0.0,0.5,1.0,0.0,0.0,0.0,10.0,3.0,240.0,10.0,38.0,13.0,2.0,7.0,21.0,16.0,15.0,0.0,50.0,2.0
Coffee & Tea,Mocha (Small),12 fl oz cup,340.0,100.0,11.0,18.0,7.0,34.0,0.0,35.0,12.0,150.0,6.0,49.0,16.0,2.0,6.0,42.0,10.0,10.0,0.0,30.0,6.0
Coffee & Tea,Mocha (Medium),16 fl oz cup,410.0,120.0,14.0,21.0,8.0,40.0,0.0,40.0,14.0,190.0,8.0,60.0,20.0,2.0,8.0,53.0,13.0,10.0,0.0,40.0,6.0
Coffee & Tea,Mocha (Large),20 fl oz cup,500.0,150.0,17.0,26.0,10.0,49.0,0.0,50.0,17.0,240.0,10.0,72.0,24.0,2.0,10.0,63.0,16.0,15.0,0.0,50.0,8.0
Coffee & Tea,Mocha with Nonfat Milk (Small),12 fl oz cup,270.0,30.0,3.5,5.0,2.0,11.0,0.0,15.0,5.0,150.0,6.0,49.0,16.0,2.0,6.0,43.0,11.0,10.0,0.0,35.0,6.0
Coffee & Tea,Mocha with Nonfat Milk (Medium),16 fl oz cup,330.0,30.0,3.5,6.0,2.0,11.0,0.0,15.0,5.0,190.0,8.0,60.0,20.0,2.0,8.0,53.0,13.0,15.0,0.0,40.0,6.0
Coffee & Tea,Mocha with Nonfat Milk (Large),20 fl oz cup,390.0,35.0,4.0,6.0,2.5,12.0,0.0,20.0,6.0,240.0,10.0,73.0,24.0,2.0,10.0,64.0,17.0,20.0,0.0,50.0,8.0
Coffee & Tea,Caramel Mocha (Small),12 fl oz cup,320.0,100.0,11.0,17.0,7.0,33.0,0.0,35.0,12.0,170.0,7.0,45.0,15.0,1.0,3.0,40.0,10.0,10.0,0.0,30.0,2.0
Coffee & Tea,Caramel Mocha (Medium),16 fl oz cup,390.0,120.0,14.0,21.0,8.0,40.0,0.0,40.0,14.0,220.0,9.0,55.0,18.0,1.0,4.0,50.0,12.0,15.0,0.0,40.0,2.0
Coffee & Tea,Caramel Mocha (Large),20 fl oz cup,480.0,150.0,17.0,26.0,10.0,49.0,0.0,50.0,17.0,270.0,11.0,66.0,22.0,1.0,5.0,60.0,16.0,15.0,0.0,50.0,4.0
Coffee & Tea,Nonfat Caramel Mocha (Small),12 fl oz cup,250.0,30.0,3.5,5.0,2.0,10.0,0.0,15.0,5.0,170.0,7.0,45.0,15.0,1.0,3.0,41.0,10.0,10.0,0.0,35.0,2.0
Coffee & Tea,Nonfat Caramel Mocha (Medium),16 fl oz cup,310.0,30.0,3.5,5.0,2.0,11.0,0.0,15.0,5.0,210.0,9.0,56.0,19.0,1.0,4.0,51.0,13.0,15.0,0.0,40.0,2.0
Coffee & Tea,Nonfat Caramel Mocha (Large),20 fl oz cup,370.0,35.0,3.5,6.0,2.5,11.0,0.0,20.0,6.0,270.0,11.0,67.0,22.0,1.0,5.0,61.0,17.0,20.0,0.0,50.0,4.0
Coffee & Tea,Hot Chocolate (Small),12 fl oz cup,360.0,120.0,13.0,21.0,8.0,39.0,0.0,40.0,14.0,180.0,8.0,50.0,17.0,1.0,3.0,45.0,11.0,10.0,0.0,40.0,6.0
Coffee & Tea,Hot Chocolate (Medium),16 fl oz cup,440.0,140.0,16.0,25.0,9.0,47.0,0.0,50.0,16.0,220.0,9.0,61.0,20.0,1.0,4.0,56.0,14.0,15.0,0.0,45.0,6.0
Coffee & Tea,Hot Chocolate (Large),20 fl oz cup,540.0,180.0,20.0,31.0,12.0,58.0,0.0,60.0,20.0,280.0,12.0,73.0,24.0,1.0,5.0,68.0,17.0,20.0,0.0,60.0,8.0
Coffee & Tea,Hot Chocolate with Nonfat Milk (Small),12 fl oz cup,280.0,30.0,3.5,5.0,2.0,11.0,0.0,15.0,5.0,180.0,7.0,50.0,17.0,1.0,3.0,46.0,12.0,15.0,0.0,40.0,6.0
Coffee & Tea,Hot Chocolate with Nonfat Milk (Medium),16 fl oz cup,340.0,30.0,3.5,5.0,2.0,11.0,0.0,15.0,6.0,220.0,9.0,61.0,20.0,1.0,4.0,57.0,14.0,20.0,0.0,50.0,6.0
Coffee & Tea,Hot Chocolate with Nonfat Milk (Large),20 fl oz cup,400.0,35.0,3.5,6.0,2.5,12.0,0.0,20.0,7.0,280.0,12.0,74.0,25.0,1.0,5.0,69.0,19.0,25.0,0.0,60.0,8.0
Coffee & Tea,Regular Iced Coffee (Small),16 fl oz cup,140.0,40.0,4.5,7.0,3.0,15.0,0.0,15.0,6.0,35.0,1.0,23.0,8.0,0.0,0.0,22.0,1.0,4.0,0.0,4.0,0.0
Coffee & Tea,Regular Iced Coffee (Medium),22 fl oz cup,190.0,60.0,7.0,11.0,4.5,22.0,0.0,25.0,9.0,50.0,2.0,31.0,10.0,0.0,0.0,30.0,1.0,4.0,0.0,4.0,0.0
Coffee & Tea,Regular Iced Coffee (Large),32 fl oz cup,270.0,80.0,9.0,14.0,6.0,29.0,0.0,35.0,12.0,75.0,3.0,47.0,16.0,0.0,0.0,45.0,2.0,6.0,0.0,8.0,0.0
Coffee & Tea,Caramel Iced Coffee (Small),16 fl oz cup,130.0,40.0,4.5,7.0,3.0,15.0,0.0,15.0,6.0,35.0,2.0,22.0,7.0,0.0,0.0,21.0,1.0,4.0,0.0,4.0,0.0
Coffee & Tea,Caramel Iced Coffee (Medium),22 fl oz cup,180.0,60.0,7.0,11.0,4.5,22.0,0.0,25.0,9.0,50.0,2.0,29.0,10.0,0.0,0.0,28.0,1.0,4.0,0.0,4.0,0.0
Coffee & Tea,Caramel Iced Coffee (Large),32 fl oz cup,260.0,80.0,9.0,14.0,6.0,29.0,0.0,35.0,12.0,65.0,3.0,43.0,14.0,0.0,0.0,42.0,2.0,6.0,0.0,6.0,0.0
Coffee & Tea,Hazelnut Iced Coffee (Small),16 fl oz cup,130.0,40.0,4.5,7.0,3.0,15.0,0.0,15.0,6.0,35.0,1.0,21.0,7.0,0.0,0.0,20.0,1.0,4.0,0.0,4.0,0.0
Coffee & Tea,Hazelnut Iced Coffee (Medium),22 fl oz cup,180.0,60.0,7.0,11.0,4.5,22.0,0.0,25.0,9.0,50.0,2.0,29.0,10.0,0.0,0.0,28.0,1.0,4.0,0.0,4.0,0.0
Coffee & Tea,Hazelnut Iced Coffee (Large),32 fl oz cup,250.0,80.0,9.0,14.0,6.0,29.0,0.0,35.0,12.0,75.0,3.0,43.0,14.0,0.0,0.0,41.0,2.0,6.0,0.0,8.0,0.0
Coffee & Tea,French Vanilla Iced Coffee (Small),16 fl oz cup,120.0,40.0,4.5,7.0,3.0,15.0,0.0,15.0,6.0,40.0,2.0,20.0,7.0,0.0,0.0,19.0,1.0,4.0,0.0,4.0,0.0
Coffee & Tea,French Vanilla Iced Coffee (Medium),22 fl oz cup,170.0,60.0,7.0,11.0,4.5,22.0,0.0,25.0,9.0,55.0,2.0,27.0,9.0,0.0,0.0,26.0,1.0,4.0,0.0,4.0,0.0
Coffee & Tea,French Vanilla Iced Coffee (Large),32 fl oz cup,240.0,80.0,9.0,14.0,6.0,29.0,0.0,35.0,12.0,80.0,3.0,41.0,14.0,0.0,0.0,39.0,2.0,6.0,0.0,8.0,0.0
Coffee & Tea,Iced Coffee with Sugar Free French Vanilla Syrup (Small),16 fl oz cup,80.0,40.0,4.5,7.0,3.0,15.0,0.0,15.0,6.0,65.0,3.0,9.0,3.0,0.0,0.0,1.0,1.0,4.0,0.0,4.0,0.0
Coffee & Tea,Iced Coffee with Sugar Free French Vanilla Syrup (Medium),22 fl oz cup,120.0,60.0,7.0,11.0,4.5,22.0,0.0,25.0,9.0,90.0,4.0,12.0,4.0,0.0,0.0,2.0,1.0,4.0,0.0,4.0,0.0
Coffee & Tea,Iced Coffee with Sugar Free French Vanilla Syrup (Large),32 fl oz cup,160.0,80.0,9.0,14.0,6.0,29.0,0.0,35.0,12.0,135.0,6.0,18.0,6.0,0.0,0.0,2.0,2.0,6.0,0.0,8.0,0.0
Coffee & Tea,Iced Mocha (Small),12 fl oz cup,290.0,100.0,11.0,17.0,7.0,33.0,0.0,35.0,12.0,125.0,5.0,41.0,14.0,1.0,4.0,34.0,8.0,10.0,0.0,25.0,4.0
Coffee & Tea,Iced Mocha (Medium),16 fl oz cup,350.0,110.0,13.0,19.0,8.0,38.0,0.0,40.0,13.0,150.0,6.0,50.0,17.0,1.0,5.0,43.0,9.0,10.0,0.0,30.0,6.0
Coffee & Tea,Iced Mocha (Large),22 fl oz cup,480.0,150.0,16.0,25.0,10.0,49.0,0.0,50.0,17.0,220.0,9.0,70.0,23.0,2.0,8.0,62.0,14.0,15.0,0.0,40.0,8.0
Coffee & Tea,Iced Mocha with Nonfat Milk (Small),12 fl oz cup,240.0,45.0,5.0,8.0,3.0,16.0,0.0,20.0,7.0,125.0,5.0,41.0,14.0,1.0,4.0,35.0,8.0,10.0,0.0,25.0,4.0
Coffee & Tea,Iced Mocha with Nonfat Milk (Medium),16 fl oz cup,290.0,45.0,5.0,8.0,3.5,17.0,0.0,20.0,7.0,150.0,6.0,50.0,17.0,1.0,5.0,43.0,10.0,15.0,0.0,30.0,6.0
Coffee & Tea,Iced Mocha with Nonfat Milk (Large),22 fl oz cup,390.0,50.0,6.0,9.0,3.5,18.0,0.0,25.0,8.0,220.0,9.0,71.0,24.0,2.0,8.0,62.0,14.0,20.0,0.0,45.0,8.0
Coffee & Tea,Iced Caramel Mocha (Small),12 fl oz cup,280.0,100.0,11.0,17.0,7.0,33.0,0.0,35.0,12.0,140.0,6.0,38.0,13.0,0.0,0.0,33.0,8.0,10.0,0.0,25.0,2.0
Coffee & Tea,Iced Caramel Mocha (Medium),16 fl oz cup,340.0,110.0,13.0,19.0,7.0,37.0,0.0,40.0,13.0,170.0,7.0,46.0,15.0,1.0,2.0,41.0,9.0,10.0,0.0,30.0,2.0
Coffee & Tea,Iced Caramel Mocha (Large),22 fl oz cup,460.0,150.0,16.0,25.0,10.0,48.0,0.0,50.0,17.0,250.0,10.0,65.0,22.0,1.0,3.0,59.0,13.0,15.0,0.0,40.0,4.0
Coffee & Tea,Iced Nonfat Caramel Mocha (Small),12 fl oz cup,230.0,45.0,5.0,8.0,3.0,16.0,0.0,20.0,7.0,140.0,6.0,38.0,13.0,0.0,0.0,33.0,8.0,10.0,0.0,25.0,2.0
Coffee & Tea,Iced Nonfat Caramel Mocha (Medium),16 fl oz cup,270.0,45.0,5.0,8.0,3.0,16.0,0.0,20.0,7.0,170.0,7.0,47.0,16.0,1.0,2.0,41.0,10.0,15.0,0.0,30.0,2.0
Coffee & Tea,Iced Nonfat Caramel Mocha (Large),22 fl oz cup,370.0,50.0,6.0,8.0,3.5,17.0,0.0,25.0,8.0,250.0,10.0,65.0,22.0,1.0,3.0,59.0,14.0,20.0,0.0,45.0,4.0
Coffee & Tea,Frappé Mocha (Small),12 fl oz cup,450.0,160.0,18.0,28.0,12.0,59.0,0.0,65.0,21.0,125.0,5.0,65.0,22.0,1.0,3.0,57.0,7.0,15.0,0.0,20.0,4.0
Coffee & Tea,Frappé Mocha (Medium),16 fl oz cup,550.0,200.0,22.0,34.0,14.0,71.0,0.0,75.0,25.0,160.0,7.0,80.0,27.0,1.0,4.0,71.0,9.0,15.0,0.0,25.0,4.0
Coffee & Tea,Frappé Mocha (Large),22 fl oz cup,670.0,240.0,26.0,41.0,17.0,85.0,0.0,90.0,30.0,190.0,8.0,98.0,33.0,1.0,4.0,88.0,11.0,20.0,0.0,35.0,4.0
Coffee & Tea,Frappé Caramel (Small),12 fl oz cup,450.0,170.0,19.0,29.0,12.0,60.0,0.0,65.0,22.0,125.0,5.0,64.0,21.0,0.0,0.0,57.0,7.0,15.0,0.0,25.0,2.0
Coffee & Tea,Frappé Caramel (Medium),16 fl oz cup,550.0,200.0,23.0,35.0,15.0,73.0,0.0,80.0,27.0,160.0,7.0,79.0,26.0,0.0,0.0,71.0,9.0,20.0,0.0,30.0,2.0
Coffee & Tea,Frappé Caramel (Large),22 fl oz cup,670.0,250.0,27.0,42.0,17.0,87.0,0.0,95.0,32.0,190.0,8.0,96.0,32.0,0.0,0.0,88.0,11.0,20.0,0.0,35.0,2.0
Coffee & Tea,Frappé Chocolate Chip (Small),12 fl oz cup,530.0,200.0,23.0,35.0,14.0,72.0,0.0,65.0,22.0,135.0,6.0,76.0,25.0,1.0,5.0,67.0,8.0,15.0,0.0,25.0,4.0
Coffee & Tea,Frappé Chocolate Chip (Medium),16 fl oz cup,630.0,240.0,26.0,41.0,17.0,85.0,0.0,80.0,26.0,160.0,7.0,91.0,30.0,1.0,5.0,81.0,9.0,15.0,0.0,30.0,4.0
Coffee & Tea,Frappé Chocolate Chip (Large),22 fl oz cup,760.0,280.0,31.0,48.0,20.0,101.0,0.0,95.0,32.0,200.0,8.0,105.0,35.0,1.0,5.0,99.0,12.0,20.0,0.0,35.0,6.0
Smoothies & Shakes,Blueberry Pomegranate Smoothie (Small),12 fl oz cup,220.0,5.0,0.5,1.0,0.0,0.0,0.0,5.0,1.0,40.0,2.0,50.0,17.0,3.0,12.0,44.0,2.0,0.0,2.0,6.0,2.0
Smoothies & Shakes,Blueberry Pomegranate Smoothie (Medium),16 fl oz cup,260.0,5.0,1.0,1.0,0.0,0.0,0.0,5.0,1.0,50.0,2.0,62.0,21.0,4.0,15.0,54.0,3.0,0.0,4.0,8.0,2.0
Smoothies & Shakes,Blueberry Pomegranate Smoothie (Large),22 fl oz cup,340.0,10.0,1.0,2.0,0.5,3.0,0.0,5.0,2.0,65.0,3.0,79.0,26.0,5.0,19.0,70.0,4.0,0.0,4.0,10.0,2.0
Smoothies & Shakes,Strawberry Banana Smoothie (Small),12 fl oz cup,210.0,5.0,0.5,1.0,0.0,0.0,0.0,5.0,1.0,50.0,2.0,47.0,16.0,3.0,10.0,44.0,3.0,0.0,10.0,8.0,2.0
Smoothies & Shakes,Strawberry Banana Smoothie (Medium),16 fl oz cup,250.0,5.0,1.0,1.0,0.0,0.0,0.0,5.0,1.0,60.0,2.0,58.0,19.0,3.0,13.0,54.0,4.0,0.0,10.0,8.0,4.0
Smoothies & Shakes,Strawberry Banana Smoothie (Large),22 fl oz cup,330.0,10.0,1.0,2.0,0.5,3.0,0.0,5.0,2.0,80.0,3.0,74.0,25.0,4.0,16.0,70.0,5.0,0.0,10.0,10.0,4.0
Smoothies & Shakes,Mango Pineapple Smoothie (Small),12 fl oz cup,210.0,5.0,0.5,1.0,0.0,0.0,0.0,5.0,1.0,40.0,2.0,50.0,17.0,1.0,4.0,46.0,2.0,30.0,10.0,8.0,2.0
Smoothies & Shakes,Mango Pineapple Smoothie (Medium),16 fl oz cup,260.0,10.0,1.0,1.0,0.0,0.0,0.0,5.0,1.0,45.0,2.0,61.0,20.0,1.0,5.0,56.0,3.0,34.5,10.0,8.0,2.0
Smoothies & Shakes,Mango Pineapple Smoothie (Large),22 fl oz cup,340.0,10.0,1.0,2.0,0.5,3.0,0.0,5.0,2.0,60.0,3.0,78.0,26.0,2.0,6.0,72.0,4.0,34.5,10.0,10.0,2.0
Smoothies & Shakes,Vanilla Shake (Small),12 fl oz cup,530.0,140.0,15.0,24.0,10.0,49.0,0.0,60.0,20.0,160.0,7.0,86.0,29.0,0.0,0.0,63.0,11.0,20.0,0.0,40.0,0.0
Smoothies & Shakes,Vanilla Shake (Medium),16 fl oz cup,660.0,170.0,19.0,29.0,12.0,61.0,0.0,75.0,24.0,200.0,9.0,105.0,35.0,0.0,0.0,81.0,14.0,25.0,0.0,50.0,0.0
Smoothies & Shakes,Vanilla Shake (Large),22 fl oz cup,820.0,210.0,23.0,35.0,15.0,73.0,0.0,90.0,29.0,260.0,11.0,105.0,35.0,0.0,0.0,101.0,18.0,30.0,0.0,60.0,0.0
Smoothies & Shakes,Strawberry Shake (Small),12 fl oz cup,550.0,150.0,16.0,25.0,10.0,52.0,0.0,60.0,21.0,160.0,7.0,90.0,30.0,0.0,0.0,79.0,12.0,20.0,0.0,40.0,0.0
Smoothies & Shakes,Strawberry Shake (Medium),16 fl oz cup,690.0,180.0,20.0,30.0,13.0,63.0,0.0,75.0,25.0,210.0,9.0,105.0,35.0,0.0,0.0,100.0,15.0,25.0,0.0,50.0,0.0
Smoothies & Shakes,Strawberry Shake (Large),22 fl oz cup,850.0,210.0,24.0,36.0,15.0,75.0,0.0,90.0,30.0,260.0,11.0,105.0,35.0,0.0,0.0,111.375,18.0,30.0,0.0,66.0,0.0
Smoothies & Shakes,Chocolate Shake (Small),12 fl oz cup,560.0,150.0,16.0,25.0,10.0,51.0,0.0,60.0,20.0,240.0,10.0,91.0,30.0,1.0,5.0,77.0,12.0,20.0,0.0,40.0,8.0
Smoothies & Shakes,Chocolate Shake (Medium),16 fl oz cup,700.0,180.0,20.0,30.0,12.0,62.0,0.0,75.0,24.0,300.0,13.0,105.0,35.0,2.0,6.0,97.0,15.0,25.0,0.0,50.0,10.0
Smoothies & Shakes,Chocolate Shake (Large),22 fl oz cup,850.0,210.0,23.0,36.0,15.0,74.0,0.0,85.0,29.0,380.0,16.0,105.0,35.0,2.0,8.0,111.375,19.0,30.0,0.0,60.0,15.0
Smoothies & Shakes,Shamrock Shake (Medium),16 fl oz cup,660.0,170.0,19.0,29.0,12.0,61.0,0.0,75.0,24.0,210.0,9.0,105.0,35.0,0.0,0.0,93.0,14.0,25.0,0.0,50.0,0.0
Smoothies & Shakes,Shamrock Shake (Large),22 fl oz cup,820.0,210.0,23.0,35.0,15.0,73.0,0.0,90.0,29.0,260.0,11.0,105.0,35.0,0.0,0.0,111.375,18.0,30.0,0.0,60.0,0.0
Smoothies & Shakes,McFlurry with M&M’s Candies (Small),10.9 oz (310 g),650.0,210.0,23.0,35.0,14.0,72.0,0.0,50.0,17.0,180.0,7.0,96.0,32.0,1.0,6.0,89.0,13.0,15.0,0.0,45.0,8.0
Smoothies & Shakes,McFlurry with M&M’s Candies (Medium),16.2 oz (460 g),930.0,290.0,33.0,50.0,20.0,102.0,0.0,75.0,25.0,260.0,11.0,105.0,35.0,2.0,7.0,111.375,20.0,25.0,0.0,66.0,10.0
Smoothies & Shakes,McFlurry with M&M’s Candies (Snack),7.3 oz (207 g),430.0,140.0,15.0,24.0,10.0,48.0,0.0,35.0,11.0,120.0,5.0,64.0,21.0,1.0,4.0,59.0,9.0,10.0,0.0,30.0,4.0
Smoothies & Shakes,McFlurry with Oreo Cookies (Small),10.1 oz (285 g),510.0,150.0,17.0,26.0,9.0,44.0,0.0,45.0,14.0,280.0,12.0,80.0,27.0,1.0,4.0,64.0,12.0,15.0,0.0,40.0,8.0
Smoothies & Shakes,McFlurry with Oreo Cookies (Medium),13.4 oz (381 g),690.0,200.0,23.0,35.0,12.0,58.0,0.0,55.0,19.0,380.0,16.0,105.0,35.0,1.0,5.0,85.0,15.0,20.0,0.0,50.0,10.0
Smoothies & Shakes,McFlurry with Oreo Cookies (Snack),6.7 oz (190 g),340.0,100.0,11.0,17.0,6.0,29.0,0.0,30.0,9.0,190.0,8.0,53.0,18.0,1.0,2.0,43.0,8.0,10.0,0.0,25.0,6.0
Smoothies & Shakes,McFlurry with Reese's Peanut Butter Cups (Medium),14.2 oz (403 g),810.0,290.0,32.0,50.0,15.0,76.0,0.0,60.0,20.0,400.0,17.0,105.0,35.0,2.0,9.0,103.0,21.0,20.0,0.0,60.0,6.0
Smoothies & Shakes,McFlurry with Reese's Peanut Butter Cups (Snack),7.1 oz (202 g),410.0,150.0,16.0,25.0,8.0,38.0,0.0,30.0,10.0,200.0,8.0,57.0,19.0,1.0,5.0,51.0,10.0,10.0,0.0,30.0,4.0
